query,time,httpCalls,serverTime,errors
query_9959,,0
query_995,71.589,2224,99.9748201438849,0
query_9960,45.088,1648,101.7876213592233,0
query_9961,,0
query_9962,8.833,257,85.8715953307393,0
query_9963,,0
query_9964,99.158,3132,96.67752234993614,0
query_9965,2.414,100,81.13,0
query_9966,,0
query_9967,18.433,621,99.31078904991948,0
query_9968,55.578,2049,106.54856027330405,0
query_9969,2.842,87,101.44827586206897,0
query_996,,0
query_9970,0.133,1,53,0
query_9971,0.417,10,66.9,0
query_9972,,0
query_9973,,0
query_9974,,0
query_9975,85.763,3279,94.6889295516926,0
query_9976,35.067,1267,81.08208366219417,0
query_9977,65.581,2184,93.84615384615384,0
query_9978,82.177,3409,84.5679084775594,0
query_9979,37.805,1092,100.08791208791209,0
query_997,4.608,164,103.10975609756098,0
query_9980,,0
query_9981,28.437,1340,76.73507462686567,0
query_9982,,0
query_9983,38.608,1337,97.32236350037397,0
query_9984,12.564,449,96.69042316258351,0
query_9985,,0
query_9986,55.615,3761,146.12948683860677,0
query_9987,0.208,1,118,0
query_9988,1.038,33,85.3030303030303,0
query_9989,,0
query_998,,0
query_9990,2.225,104,60.33653846153846,0
query_9991,1.656,85,59.94117647058823,0
query_9992,0.415,7,105,0
query_9993,,0
query_9994,,0
query_9995,,0
query_9996,82.078,3430,89.53381924198251,0
query_9997,,0
query_9998,,0
query_9999,,0
query_999,1.98,56,104.98214285714286,0
query_99,0.715,16,104.0625,0
query_9,,0
