query,time,httpCalls,serverTime,errors
query_9959,,0
query_995,102.404,2224,148.41187050359713,0
query_9960,65.088,1648,148.68446601941747,0
query_9961,,0
query_9962,15.234,257,151.21400778210116,0
query_9963,,0
query_9964,,0
query_9965,4.281,100,145.9,0
query_9966,,0
query_9967,27.246,621,149.39452495974234,0
query_9968,84.717,2049,164.21717911176182,0
query_9969,4.236,87,150.5977011494253,0
query_996,,0
query_9970,0.313,1,183,0
query_9971,0.887,10,154.8,0
query_9972,,0
query_9973,,0
query_9974,,0
query_9975,,0
query_9976,64.48,1267,155.043409629045,0
query_9977,102.478,2184,152.1584249084249,0
query_9978,,0
query_9979,57.095,1092,151.66483516483515,0
query_997,6.55,164,142.5670731707317,0
query_9980,,0
query_9981,53.86,1340,150.38805970149255,0
query_9982,,0
query_9983,59.665,1337,154.12565445026178,0
query_9984,17.662,449,147.56570155902006,0
query_9985,,0
query_9986,103.798,3761,274.0678011167243,0
query_9987,0.179,1,54,0
query_9988,1.427,33,141.12121212121212,0
query_9989,,0
query_998,,0
query_9990,4.571,104,149.2403846153846,0
query_9991,3.603,85,145,0
query_9992,0.649,7,146.85714285714286,0
query_9993,,0
query_9994,,0
query_9995,,0
query_9996,,0
query_9997,,0
query_9998,,0
query_9999,,0
query_999,2.756,56,143.42857142857142,0
query_99,1.12,16,173.125,0
query_9,,0
