query,time,httpCalls,serverTime,errors
query_9959,,0
query_995,81.914,2224,119.67625899280576,0
query_9960,51.737,1648,117.0752427184466,0
query_9961,,0
query_9962,11.869,257,115.29182879377431,0
query_9963,,0
query_9964,112.334,3132,108.977969348659,0
query_9965,3.047,100,108.64,0
query_9966,,0
query_9967,19.406,621,105.8743961352657,0
query_9968,60.841,2049,118.28843338213763,0
query_9969,3.245,87,110.95402298850574,0
query_996,,0
query_9970,0.266,1,115,0
query_9971,0.607,10,109.6,0
query_9972,,0
query_9973,,0
query_9974,,0
query_9975,107.883,3279,119.72034156755109,0
query_9976,50.325,1267,120.24704025256511,0
query_9977,81.464,2184,120.1510989010989,0
query_9978,115.675,3409,120.29158110882958,0
query_9979,42.831,1092,114.44322344322345,0
query_997,5.23,164,108.14634146341463,0
query_9980,,0
query_9981,41.459,1340,113.12014925373134,0
query_9982,,0
query_9983,45.349,1337,116.51234106207929,0
query_9984,14.436,449,115.30734966592428,0
query_9985,,0
query_9986,88.368,3760,232.9656914893617,0
query_9987,0.092,1,54,0
query_9988,1.264,33,128.21212121212122,0
query_9989,,0
query_998,,0
query_9990,3.685,104,113.28846153846153,0
query_9991,2.998,85,113.6,0
query_9992,0.466,7,119.42857142857143,0
query_9993,,0
query_9994,,0
query_9995,,0
query_9996,94.222,3430,104.69067055393586,0
query_9997,,0
query_9998,,0
query_9999,,0
query_999,2.213,56,108.41071428571429,0
query_99,0.741,16,106.8125,0
query_9,,0
