query,time,httpCalls,serverTime,errors
query_9959,,0
query_995,92.964,2224,134.7513489208633,0
query_9960,59.919,1648,137.08131067961165,0
query_9961,,0
query_9962,14.32,257,140.431906614786,0
query_9963,,0
query_9964,,0
query_9965,3.224,100,104.29,0
query_9966,,0
query_9967,23.407,621,129.38808373590982,0
query_9968,72.292,2049,136.69448511469008,0
query_9969,3.83,87,135.35632183908046,0
query_996,,0
query_9970,0.243,1,157,0
query_9971,0.848,10,126.1,0
query_9972,,0
query_9973,,0
query_9974,,0
query_9975,116.104,3279,129.00548947849956,0
query_9976,59.142,1267,140.13812154696132,0
query_9977,93.433,2184,138.94413919413918,0
query_9978,,0
query_9979,44.258,1092,117.7967032967033,0
query_997,5.321,164,117.8170731707317,0
query_9980,,0
query_9981,49.204,1340,138.9955223880597,0
query_9982,,0
query_9983,48.563,1337,126.36275243081526,0
query_9984,14.605,449,120.15812917594654,0
query_9985,,0
query_9986,97.099,3759,256.62144187283855,0
query_9987,0.193,1,116,0
query_9988,1.266,33,112.81818181818181,0
query_9989,,0
query_998,,0
query_9990,4.434,104,138.94230769230768,0
query_9991,3.56,85,139.4,0
query_9992,0.587,7,155.85714285714286,0
query_9993,,0
query_9994,,0
query_9995,,0
query_9996,117.935,3430,130.78921282798834,0
query_9997,,0
query_9998,,0
query_9999,,0
query_999,2.745,56,144.875,0
query_99,1.077,16,173.5,0
query_9,,0
