query,time,httpCalls,serverTime,errors
query_9959,,0
query_995,94.019,2224,135.5908273381295,0
query_9960,56.35,1648,128.63288834951456,0
query_9961,,0
query_9962,13.346,257,129.84046692607004,0
query_9963,,0
query_9964,,0
query_9965,4.387,100,151.29,0
query_9966,,0
query_9967,22.835,621,125.80998389694042,0
query_9968,74.3,2049,143.20400195217178,0
query_9969,3.295,87,114.29885057471265,0
query_996,,0
query_9970,0.248,1,128,0
query_9971,0.577,10,119.5,0
query_9972,,0
query_9973,,0
query_9974,,0
query_9975,119.234,3279,131.96523330283622,0
query_9976,57.056,1267,135.58879242304656,0
query_9977,89.455,2184,132.58562271062272,0
query_9978,,0
query_9979,47.158,1092,123.94688644688645,0
query_997,5.778,164,126.8719512195122,0
query_9980,,0
query_9981,47.481,1340,133.6365671641791,0
query_9982,,0
query_9983,51.873,1337,133.73896783844427,0
query_9984,15.489,449,128.17371937639197,0
query_9985,,0
query_9986,89.101,3763,235.26920010629817,0
query_9987,0.245,1,133,0
query_9988,1.36,33,119.87878787878788,0
query_9989,,0
query_998,,0
query_9990,3.922,104,122,0
query_9991,3.016,85,118.76470588235294,0
query_9992,0.471,7,131.71428571428572,0
query_9993,,0
query_9994,,0
query_9995,,0
query_9996,109.991,3430,121.52827988338193,0
query_9997,,0
query_9998,,0
query_9999,,0
query_999,2.349,56,119.19642857142857,0
query_99,1.05,16,154.3125,0
query_9,,0
