query,time,httpCalls,serverTime,errors
query_9959,,0
query_995,75.704,2224,105.97571942446044,0
query_9960,46.079,1648,104.29186893203884,0
query_9961,,0
query_9962,10.38,257,101.60311284046692,0
query_9963,,0
query_9964,105.266,3132,103.12100893997446,0
query_9965,2.895,100,98.27,0
query_9966,,0
query_9967,17.531,621,95.55716586151368,0
query_9968,56.426,2049,109.88579795021963,0
query_9969,2.752,87,98.47126436781609,0
query_996,,0
query_9970,0.24,1,122,0
query_9971,0.401,10,73.9,0
query_9972,,0
query_9973,,0
query_9974,,0
query_9975,95.661,3279,104.49100335468131,0
query_9976,45.242,1267,106.33149171270718,0
query_9977,72.563,2184,104.28250915750915,0
query_9978,100.59,3409,104.71692578468759,0
query_9979,38.645,1092,103.47619047619048,0
query_997,4.499,164,98.02439024390245,0
query_9980,,0
query_9981,38.861,1340,106.03358208955224,0
query_9982,,0
query_9983,40.795,1337,103.56694091249065,0
query_9984,12.751,449,103.74832962138085,0
query_9985,,0
query_9986,70.336,3759,185.51130619845705,0
query_9987,0.24,1,115,0
query_9988,1.197,33,97.60606060606061,0
query_9989,,0
query_998,,0
query_9990,3.15,104,98.57692307692308,0
query_9991,2.58,85,97.47058823529412,0
query_9992,0.335,7,75.42857142857143,0
query_9993,,0
query_9994,,0
query_9995,,0
query_9996,91.211,3430,100.05597667638484,0
query_9997,,0
query_9998,,0
query_9999,,0
query_999,2.121,56,103.03571428571429,0
query_99,0.764,16,121.3125,0
query_9,,0
