query,time,httpCalls,serverTime,errors
query_9959,,0
query_995,93.889,2224,135.30440647482015,0
query_9960,59.487,1648,134.8652912621359,0
query_9961,,0
query_9962,13.442,257,132.33073929961088,0
query_9963,,0
query_9964,,0
query_9965,3.738,100,127.06,0
query_9966,,0
query_9967,24.03,621,132.94685990338164,0
query_9968,74.649,2049,144.27476817959982,0
query_9969,3.614,87,125.05747126436782,0
query_996,,0
query_9970,0.21,1,121,0
query_9971,0.625,10,118.3,0
query_9972,,0
query_9973,,0
query_9974,,0
query_9975,,0
query_9976,58.615,1267,141.65430149960537,0
query_9977,93.117,2184,139.32738095238096,0
query_9978,,0
query_9979,50.62,1092,136.25824175824175,0
query_997,5.917,164,128.1280487804878,0
query_9980,,0
query_9981,48.927,1340,135.5634328358209,0
query_9982,,0
query_9983,54.599,1337,139.9147344801795,0
query_9984,16.913,449,137.48997772828508,0
query_9985,,0
query_9986,94.643,3761,249.53815474607816,0
query_9987,0.238,1,133,0
query_9988,1.397,33,131.87878787878788,0
query_9989,,0
query_998,,0
query_9990,4.24,104,129.17307692307693,0
query_9991,3.332,85,134.49411764705883,0
query_9992,0.469,7,152.85714285714286,0
query_9993,,0
query_9994,,0
query_9995,,0
query_9996,,0
query_9997,,0
query_9998,,0
query_9999,,0
query_999,2.559,56,133.17857142857142,0
query_99,0.968,16,155.0625,0
query_9,,0
