query,time,httpCalls,serverTime,errors
query_9959,,0
query_995,98.479,2224,143.62724820143885,0
query_9960,62.397,1648,141.94053398058253,0
query_9961,,0
query_9962,14.077,257,140.40077821011673,0
query_9963,,0
query_9964,,0
query_9965,3.915,100,140.01,0
query_9966,,0
query_9967,25.266,621,140.08695652173913,0
query_9968,80.334,2049,154.47974621766716,0
query_9969,4.067,87,144.0344827586207,0
query_996,,0
query_9970,0.133,1,54,0
query_9971,0.779,10,146.8,0
query_9972,,0
query_9973,,0
query_9974,,0
query_9975,,0
query_9976,61.598,1267,148.7403314917127,0
query_9977,97.514,2184,144.4739010989011,0
query_9978,,0
query_9979,55.418,1092,146.54578754578753,0
query_997,6.536,164,143.7012195121951,0
query_9980,,0
query_9981,51.314,1340,144.75597014925373,0
query_9982,,0
query_9983,57.989,1337,148.37097980553477,0
query_9984,17.938,449,146.0066815144766,0
query_9985,,0
query_9986,98.86,3762,260.3732057416268,0
query_9987,0.343,1,167,0
query_9988,1.598,33,139.03030303030303,0
query_9989,,0
query_998,,0
query_9990,4.373,104,140.3653846153846,0
query_9991,3.462,85,141.16470588235293,0
query_9992,0.657,7,164.85714285714286,0
query_9993,,0
query_9994,,0
query_9995,,0
query_9996,,0
query_9997,,0
query_9998,,0
query_9999,,0
query_999,2.831,56,148.64285714285714,0
query_99,1.062,16,159,0
query_9,,0
