query,time,httpCalls,serverTime,errors
query_9959,,0
query_995,72.516,2224,106.59757194244604,0
query_9960,42.992,1648,96.88956310679612,0
query_9961,,0
query_9962,9.269,257,89.59533073929961,0
query_9963,,0
query_9964,99.182,3132,94.78416347381865,0
query_9965,2.753,100,93.2,0
query_9966,,0
query_9967,18.587,621,100.76006441223832,0
query_9968,52.331,2049,100.67837969741338,0
query_9969,2.924,87,95.79310344827586,0
query_996,,0
query_9970,0.095,1,54,0
query_9971,0.346,10,63.4,0
query_9972,,0
query_9973,,0
query_9974,,0
query_9975,102.709,3279,113.5154010369015,0
query_9976,44.345,1267,103.61089187056038,0
query_9977,70.644,2184,101.43772893772893,0
query_9978,109.759,3409,114.04048107949545,0
query_9979,41.578,1092,109.76282051282051,0
query_997,5.006,164,104.66463414634147,0
query_9980,,0
query_9981,37.178,1340,100.70970149253732,0
query_9982,,0
query_9983,42.658,1337,108.71428571428571,0
query_9984,13.899,449,112.23830734966593,0
query_9985,,0
query_9986,62.479,3762,163.94205209994684,0
query_9987,0.143,1,66,0
query_9988,1.001,33,85.6969696969697,0
query_9989,,0
query_998,,0
query_9990,3.389,104,98.59615384615384,0
query_9991,2.471,85,92.70588235294117,0
query_9992,0.349,7,98.57142857142857,0
query_9993,,0
query_9994,,0
query_9995,,0
query_9996,92.865,3430,102.04227405247813,0
query_9997,,0
query_9998,,0
query_9999,,0
query_999,2.273,56,115.57142857142857,0
query_99,0.902,16,137.5625,0
query_9,,0
