query,time,httpCalls,serverTime,errors
query_9959,,0
query_995,73.977,2224,107.4271582733813,0
query_9960,45.982,1648,103.16565533980582,0
query_9961,,0
query_9962,10.136,257,99.46303501945525,0
query_9963,,0
query_9964,102.103,3132,99.727969348659,0
query_9965,2.893,100,100.29,0
query_9966,,0
query_9967,17.774,621,96.55394524959742,0
query_9968,54.639,2049,107.45534407027819,0
query_9969,2.911,87,95.51724137931035,0
query_996,,0
query_9970,0.149,1,53,0
query_9971,0.533,10,108.4,0
query_9972,,0
query_9973,,0
query_9974,,0
query_9975,94.947,3279,105.46935041171089,0
query_9976,42.8,1267,101.23125493291239,0
query_9977,76.497,2184,110.83562271062272,0
query_9978,103.954,3409,107.05602816075096,0
query_9979,40.042,1092,106.6025641025641,0
query_997,5.842,164,121.26829268292683,0
query_9980,,0
query_9981,43.688,1340,120.34925373134328,0
query_9982,,0
query_9983,40.64,1337,102.51383694839193,0
query_9984,12.704,449,104.95768374164811,0
query_9985,,0
query_9986,67.008,3764,176.64585547290116,0
query_9987,0.232,1,135,0
query_9988,1.046,33,91.0909090909091,0
query_9989,,0
query_998,,0
query_9990,3.294,104,98.0576923076923,0
query_9991,2.507,85,97.78823529411764,0
query_9992,0.495,7,119.85714285714286,0
query_9993,,0
query_9994,,0
query_9995,,0
query_9996,99.874,3430,110.36967930029155,0
query_9997,,0
query_9998,,0
query_9999,,0
query_999,1.807,56,93.89285714285714,0
query_99,0.8,16,112.5,0
query_9,,0
