query,time,httpCalls,serverTime,errors
query_9959,,0
query_995,90.273,2224,130.41321942446044,0
query_9960,57.039,1648,129.875,0
query_9961,,0
query_9962,14.498,257,143.26070038910507,0
query_9963,,0
query_9964,,0
query_9965,3.7,100,120.6,0
query_9966,,0
query_9967,23.449,621,129.66666666666666,0
query_9968,72.182,2049,139.72913616398242,0
query_9969,3.51,87,122.25287356321839,0
query_996,,0
query_9970,0.217,1,128,0
query_9971,0.674,10,127.2,0
query_9972,,0
query_9973,,0
query_9974,,0
query_9975,,0
query_9976,60.475,1267,145.62667719021312,0
query_9977,92.059,2184,136.90934065934067,0
query_9978,,0
query_9979,47.797,1092,126.15934065934066,0
query_997,6.142,164,132.0548780487805,0
query_9980,,0
query_9981,46.323,1340,131.36567164179104,0
query_9982,,0
query_9983,58.184,1337,151.0366492146597,0
query_9984,18.194,449,150.74610244988864,0
query_9985,,0
query_9986,97.4,3766,256.9075942644716,0
query_9987,0.356,1,170,0
query_9988,1.572,33,151.6969696969697,0
query_9989,,0
query_998,,0
query_9990,3.965,104,118.79807692307692,0
query_9991,3.215,85,127.75294117647059,0
query_9992,0.434,7,75.42857142857143,0
query_9993,,0
query_9994,,0
query_9995,,0
query_9996,,0
query_9997,,0
query_9998,,0
query_9999,,0
query_999,2.757,56,143.57142857142858,0
query_99,1.175,16,177.125,0
query_9,,0
