query,time,httpCalls,serverTime,errors
query_9959,,0
query_995,74.784,2224,109.2261690647482,0
query_9960,52.937,1648,120.18992718446601,0
query_9961,,0
query_9962,10.396,257,98.60700389105058,0
query_9963,,0
query_9964,111.277,3132,106.51819923371647,0
query_9965,3.106,100,104.78,0
query_9966,,0
query_9967,18.667,621,105.08373590982286,0
query_9968,57.982,2049,109.5212298682284,0
query_9969,3.032,87,109.73563218390805,0
query_996,,0
query_9970,0.206,1,90,0
query_9971,0.45,10,61,0
query_9972,,0
query_9973,,0
query_9974,,0
query_9975,107.927,3279,120.73833485818847,0
query_9976,51.544,1267,122.42620363062352,0
query_9977,85.298,2184,124.77747252747253,0
query_9978,106.439,3409,110.35112936344969,0
query_9979,40.529,1092,108.81776556776556,0
query_997,5.025,164,101.79878048780488,0
query_9980,,0
query_9981,38.102,1340,105.53880597014926,0
query_9982,,0
query_9983,45.668,1337,116.056095736724,0
query_9984,13.711,449,109.06236080178174,0
query_9985,,0
query_9986,72.425,3761,191.0215368253124,0
query_9987,0.098,1,54,0
query_9988,1.083,33,107.72727272727273,0
query_9989,,0
query_998,,0
query_9990,3.173,104,94.64423076923077,0
query_9991,2.592,85,99.34117647058824,0
query_9992,0.416,7,108,0
query_9993,,0
query_9994,,0
query_9995,,0
query_9996,89.968,3430,98.9064139941691,0
query_9997,,0
query_9998,,0
query_9999,,0
query_999,2.309,56,117.44642857142857,0
query_99,0.71,16,122.75,0
query_9,,0
