query,time,httpCalls,serverTime,errors
query_9959,,0
query_995,85.183,2224,124.63354316546763,0
query_9960,53.119,1648,119.53033980582525,0
query_9961,,0
query_9962,13.987,257,138.36964980544747,0
query_9963,,0
query_9964,111.098,3132,107.29469987228607,0
query_9965,3.206,100,110.14,0
query_9966,,0
query_9967,21.552,621,118.72624798711755,0
query_9968,64.23,2049,126.9409468033187,0
query_9969,3.635,87,125.52873563218391,0
query_996,,0
query_9970,0.181,1,53,0
query_9971,0.521,10,114.1,0
query_9972,,0
query_9973,,0
query_9974,,0
query_9975,108.692,3279,119.5032021957914,0
query_9976,50.942,1267,121.12312549329124,0
query_9977,89.028,2184,132.71245421245422,0
query_9978,114.536,3409,120.4901730712819,0
query_9979,42.532,1092,114.25366300366301,0
query_997,5.301,164,116.78048780487805,0
query_9980,,0
query_9981,43.817,1340,120.04029850746268,0
query_9982,,0
query_9983,46.196,1337,118.75542258788332,0
query_9984,14.39,449,113.79287305122494,0
query_9985,,0
query_9986,77.774,3765,205.06480743691898,0
query_9987,0.132,1,54,0
query_9988,1.38,33,119.33333333333333,0
query_9989,,0
query_998,,0
query_9990,4.087,104,133.06730769230768,0
query_9991,3.09,85,128.87058823529412,0
query_9992,0.58,7,144.42857142857142,0
query_9993,,0
query_9994,,0
query_9995,,0
query_9996,102.66,3430,112.91049562682215,0
query_9997,,0
query_9998,,0
query_9999,,0
query_999,2.536,56,130.28571428571428,0
query_99,0.994,16,165,0
query_9,,0
