query,time,httpCalls,serverTime,errors
query_9959,,0
query_995,83.401,2224,119.3273381294964,0
query_9960,52.464,1648,118.57827669902913,0
query_9961,,0
query_9962,11.702,257,115.42412451361868,0
query_9963,,0
query_9964,,0
query_9965,3.407,100,117.18,0
query_9966,,0
query_9967,24.585,621,136.8148148148148,0
query_9968,77.427,2049,148.7872132747682,0
query_9969,3.74,87,132.93103448275863,0
query_996,,0
query_9970,0.295,1,154,0
query_9971,0.602,10,101.2,0
query_9972,,0
query_9973,,0
query_9974,,0
query_9975,,0
query_9976,60.085,1267,143.11444356748225,0
query_9977,93.591,2184,139.21886446886447,0
query_9978,117.661,3409,123.342035787621,0
query_9979,43.42,1092,115.35989010989012,0
query_997,5.513,164,112.79268292682927,0
query_9980,,0
query_9981,42.271,1340,118.81417910447762,0
query_9982,,0
query_9983,47.698,1337,121.88631264023934,0
query_9984,14.524,449,117.50779510022272,0
query_9985,,0
query_9986,85.815,3758,226.850452368281,0
query_9987,0.277,1,136,0
query_9988,1.181,33,120.36363636363636,0
query_9989,,0
query_998,,0
query_9990,3.938,104,123.34615384615384,0
query_9991,2.877,85,114.89411764705882,0
query_9992,0.48,7,132.57142857142858,0
query_9993,,0
query_9994,,0
query_9995,,0
query_9996,,0
query_9997,,0
query_9998,,0
query_9999,,0
query_999,2.356,56,120.96428571428571,0
query_99,0.886,16,125.75,0
query_9,,0
