query,time,httpCalls,serverTime,errors
query_9959,,0
query_995,78.936,2224,116.38938848920863,0
query_9960,50.658,1648,114.38470873786407,0
query_9961,,0
query_9962,11.683,257,115.852140077821,0
query_9963,,0
query_9964,114.339,3132,109.66890166028097,0
query_9965,3.139,100,106.96,0
query_9966,,0
query_9967,19.491,621,107.90660225442834,0
query_9968,62.532,2049,120.87847730600294,0
query_9969,2.967,87,106.10344827586206,0
query_996,,0
query_9970,0.196,1,119,0
query_9971,0.65,10,107.7,0
query_9972,,0
query_9973,,0
query_9974,,0
query_9975,104.554,3279,115.74443427874353,0
query_9976,50.274,1267,118.37805840568271,0
query_9977,79.674,2184,116.22710622710623,0
query_9978,112.604,3409,116.68612496333236,0
query_9979,43.247,1092,115.48168498168498,0
query_997,5.089,164,112.38414634146342,0
query_9980,,0
query_9981,42.663,1340,116.52985074626865,0
query_9982,,0
query_9983,45.432,1337,115.4569932685116,0
query_9984,14.014,449,110.92873051224944,0
query_9985,,0
query_9986,78.773,3764,207.48113708820404,0
query_9987,0.095,1,54,0
query_9988,1.033,33,107.24242424242425,0
query_9989,,0
query_998,,0
query_9990,3.603,104,112.07692307692308,0
query_9991,2.624,85,112.29411764705883,0
query_9992,0.295,7,70.28571428571429,0
query_9993,,0
query_9994,,0
query_9995,,0
query_9996,97.936,3430,108.67696793002915,0
query_9997,,0
query_9998,,0
query_9999,,0
query_999,2.153,56,111.55357142857143,0
query_99,0.811,16,125.25,0
query_9,,0
