query,time,httpCalls,serverTime,errors
query_9959,,0
query_995,87.358,2224,126.74685251798562,0
query_9960,56.3,1648,127.5758495145631,0
query_9961,,0
query_9962,12.713,257,123.29961089494164,0
query_9963,,0
query_9964,,0
query_9965,3.37,100,115,0
query_9966,,0
query_9967,22.297,621,123.25764895330113,0
query_9968,68.424,2049,131.92825768667643,0
query_9969,3.426,87,120.11494252873563,0
query_996,,0
query_9970,0.222,1,126,0
query_9971,0.618,10,112.2,0
query_9972,,0
query_9973,,0
query_9974,,0
query_9975,113.31,3279,125.74473924977127,0
query_9976,53.394,1267,127.20915548539858,0
query_9977,87.479,2184,128.10943223443223,0
query_9978,,0
query_9979,46.19,1092,123.10347985347985,0
query_997,5.31,164,118.0670731707317,0
query_9980,,0
query_9981,45.805,1340,126.28134328358209,0
query_9982,,0
query_9983,48.964,1337,125.58414360508601,0
query_9984,15.209,449,124.30066815144767,0
query_9985,,0
query_9986,89.398,3764,235.96493092454836,0
query_9987,0.137,1,54,0
query_9988,1.312,33,121.66666666666667,0
query_9989,,0
query_998,,0
query_9990,3.806,104,117.67307692307692,0
query_9991,3.034,85,122.31764705882352,0
query_9992,0.508,7,127.28571428571429,0
query_9993,,0
query_9994,,0
query_9995,,0
query_9996,109.755,3430,121.40320699708455,0
query_9997,,0
query_9998,,0
query_9999,,0
query_999,2.378,56,119.33928571428571,0
query_99,0.934,16,146.125,0
query_9,,0
